first_name,last_name,company_name,Unnamed: 3,zip,phone1,email,web,role,permission
James,Butt,"Benton, John B Jr",,70116,504-621-8927,jbutt@gmail.com,http://www.bentonjohnbjr.com,Admin,Execute
Josephine,Darakjy,"Chanay, Jeffrey A Esq",,48116,810-292-9388,josephine_darakjy@darakjy.org,http://www.chanayjeffreyaesq.com,Manager,Execute
Art,Venere,"Chemel, James L Cpa",,8014,856-636-8749,art@venere.org,http://www.chemeljameslcpa.com,Admin,Delete
Lenna,Paprocki,Feltz Printing Service,,99501,907-385-4412,lpaprocki@hotmail.com,http://www.feltzprintingservice.com,Admin,Delete
Donette,Foller,Printing Dimensions,,45011,513-570-1893,donette.foller@cox.net,http://www.printingdimensions.com,Manager,Read
Simona,Morasca,"Chapman, Ross E Esq",,44805,419-503-2484,simona@morasca.com,http://www.chapmanrosseesq.com,Manager,Delete
Mitsue,Tollner,Morlong Associates,,60632,773-573-6914,mitsue_tollner@yahoo.com,http://www.morlongassociates.com,Manager,Delete
Leota,Dilliard,Commercial Press,,95111,408-752-3500,leota@hotmail.com,http://www.commercialpress.com,Manager,Write
Sage,Wieser,Truhlar And Truhlar Attys,,57105,605-414-2147,sage_wieser@cox.net,http://www.truhlarandtruhlarattys.com,Manager,Read
Kris,Marrier,"King, Christopher A Esq",,21224,410-655-8723,kris@gmail.com,http://www.kingchristopheraesq.com,Guest,Execute
Minna,Amigon,"Dorl, James J Esq",,19443,215-874-1229,minna_amigon@yahoo.com,http://www.dorljamesjesq.com,Guest,Write
Abel,Maclead,Rangoni Of Florence,,11953,631-335-3414,amaclead@gmail.com,http://www.rangoniofflorence.com,Admin,Read
Kiley,Caldarera,Feiner Bros,,90034,310-498-5651,kiley.caldarera@aol.com,http://www.feinerbros.com,Guest,Read
Graciela,Ruta,Buckley Miller & Wright,,44023,440-780-8425,gruta@cox.net,http://www.buckleymillerwright.com,Manager,Delete
Cammy,Albares,"Rousseaux, Michael Esq",,78045,956-537-6195,calbares@gmail.com,http://www.rousseauxmichaelesq.com,Admin,Read
Mattie,Poquette,Century Communications,,85013,602-277-4385,mattie@aol.com,http://www.centurycommunications.com,Guest,Delete
Meaghan,Garufi,"Bolton, Wilbur Esq",,37110,931-313-9635,meaghan@hotmail.com,http://www.boltonwilburesq.com,Manager,Read
Gladys,Rim,T M Byxbee Company Pc,,53207,414-661-9598,gladys.rim@rim.org,http://www.tmbyxbeecompanypc.com,Guest,Write
Yuki,Whobrey,Farmers Insurance Group,,48180,313-288-7937,yuki_whobrey@aol.com,http://www.farmersinsurancegroup.com,User,Write
Fletcher,Flosi,Post Box Services Plus,,61109,815-828-2147,fletcher.flosi@yahoo.com,http://www.postboxservicesplus.com,Guest,Execute
Bette,Nicka,Sport En Art,,19014,610-545-3615,bette_nicka@cox.net,http://www.sportenart.com,Admin,Write
Veronika,Inouye,C 4 Network Inc,,95111,408-540-1785,vinouye@aol.com,http://www.cnetworkinc.com,Guest,Write
Willard,Kolmetz,"Ingalls, Donald R Esq",,75062,972-303-9197,willard@hotmail.com,http://www.ingallsdonaldresq.com,Manager,Write
Maryann,Royster,"Franklin, Peter L Esq",,12204,518-966-7987,mroyster@royster.com,http://www.franklinpeterlesq.com,Admin,Write
Alisha,Slusarski,Wtlz Power 107 Fm,,8846,732-658-3154,alisha@slusarski.com,http://www.wtlzpowerfm.com,Manager,Read
Allene,Iturbide,"Ledecky, David Esq",,54481,715-662-6764,allene_iturbide@cox.net,http://www.ledeckydavidesq.com,Admin,Write
Chanel,Caudy,Professional Image Inc,,66218,913-388-2079,chanel.caudy@caudy.org,http://www.professionalimageinc.com,User,Execute
Ezekiel,Chui,"Sider, Donald C Esq",,21601,410-669-1642,ezekiel@chui.com,http://www.siderdonaldcesq.com,Admin,Delete
Willow,Kusko,U Pull It,,10011,212-582-4976,wkusko@yahoo.com,http://www.upullit.com,Admin,Write
Bernardo,Figeroa,"Clark, Richard Cpa",,77301,936-336-3951,bfigeroa@aol.com,http://www.clarkrichardcpa.com,Admin,Delete
Ammie,Corrio,"Moskowitz, Barry S",,43215,614-801-9788,ammie@corrio.com,http://www.moskowitzbarrys.com,Manager,Execute
Francine,Vocelka,Cascade Realty Advisors Inc,,88011,505-977-3911,francine_vocelka@vocelka.com,http://www.cascaderealtyadvisorsinc.com,Manager,Execute
Ernie,Stenseth,Knwz Newsradio,,7660,201-709-6245,ernie_stenseth@aol.com,http://www.knwznewsradio.com,Guest,Read
Albina,Glick,"Giampetro, Anthony D",,8812,732-924-7882,albina@glick.com,http://www.giampetroanthonyd.com,User,Delete
Alishia,Sergi,Milford Enterprises Inc,,10025,212-860-1579,asergi@gmail.com,http://www.milfordenterprisesinc.com,Guest,Read
Solange,Shinko,"Mosocco, Ronald A",,70002,504-979-9175,solange@shinko.com,http://www.mosoccoronalda.com,Guest,Execute
Jose,Stockham,Tri State Refueler Co,,10011,212-675-8570,jose@yahoo.com,http://www.tristaterefuelerco.com,Manager,Execute
Rozella,Ostrosky,Parkway Company,,93012,805-832-6163,rozella.ostrosky@ostrosky.com,http://www.parkwaycompany.com,Guest,Delete
Valentine,Gillian,Fbs Business Finance,,78204,210-812-9597,valentine_gillian@gmail.com,http://www.fbsbusinessfinance.com,User,Write
Kati,Rulapaugh,Eder Assocs Consltng Engrs Pc,,67410,785-463-7829,kati.rulapaugh@hotmail.com,http://www.ederassocsconsltngengrspc.com,Guest,Delete
Youlanda,Schemmer,Tri M Tool Inc,,97754,541-548-8197,youlanda@aol.com,http://www.trimtoolinc.com,Guest,Read
Dyan,Oldroyd,International Eyelets Inc,,66204,913-413-4604,doldroyd@aol.com,http://www.internationaleyeletsinc.com,User,Write
Roxane,Campain,Rapid Trading Intl,,99708,907-231-4722,roxane@hotmail.com,http://www.rapidtradingintl.com,Manager,Read
Lavera,Perin,Abc Enterprises Inc,,33196,305-606-7291,lperin@perin.org,http://www.abcenterprisesinc.com,Guest,Execute
Erick,Ferencz,Cindy Turner Associates,,99712,907-741-1044,erick.ferencz@aol.com,http://www.cindyturnerassociates.com,Admin,Delete
Fatima,Saylors,"Stanton, James D Esq",,55343,952-768-2416,fsaylors@saylors.org,http://www.stantonjamesdesq.com,Manager,Delete
Jina,Briddick,Grace Pastries Inc,,2128,617-399-5124,jina_briddick@briddick.com,http://www.gracepastriesinc.com,Admin,Delete
Kanisha,Waycott,"Schroer, Gene E Esq",,90006,323-453-2780,kanisha_waycott@yahoo.com,http://www.schroergeneeesq.com,Admin,Write
Emerson,Bowley,Knights Inn,,53711,608-336-7444,emerson.bowley@bowley.org,http://www.knightsinn.com,User,Write
Blair,Malet,Bollinger Mach Shp & Shipyard,,19132,215-907-9111,bmalet@yahoo.com,http://www.bollingermachshpshipyard.com,User,Read
Brock,Bolognia,Orinda News,,10003,212-402-9216,bbolognia@yahoo.com,http://www.orindanews.com,Manager,Write
Lorrie,Nestle,Ballard Spahr Andrews,,37388,931-875-6644,lnestle@hotmail.com,http://www.ballardspahrandrews.com,User,Read
Sabra,Uyetake,Lowy Limousine Service,,29201,803-925-5213,sabra@uyetake.org,http://www.lowylimousineservice.com,Admin,Execute
Marjory,Mastella,Vicon Corporation,,19087,610-814-5533,mmastella@mastella.com,http://www.viconcorporation.com,User,Execute
Karl,Klonowski,"Rossi, Michael M",,8822,908-877-6135,karl_klonowski@yahoo.com,http://www.rossimichaelm.com,Admin,Write
Tonette,Wenner,Northwest Publishing,,11590,516-968-6051,twenner@aol.com,http://www.northwestpublishing.com,Guest,Execute
Amber,Monarrez,Branford Wire & Mfg Co,,19046,215-934-8655,amber_monarrez@monarrez.org,http://www.branfordwiremfgco.com,Guest,Write
Shenika,Seewald,East Coast Marketing,,91405,818-423-4007,shenika@gmail.com,http://www.eastcoastmarketing.com,User,Delete
Delmy,Ahle,Wye Technologies Inc,,2909,401-458-2547,delmy.ahle@hotmail.com,http://www.wyetechnologiesinc.com,User,Read
Deeanna,Juhas,"Healy, George W Iv",,19006,215-211-9589,deeanna_juhas@gmail.com,http://www.healygeorgewiv.com,Admin,Read
Blondell,Pugh,Alpenlite Inc,,2904,401-960-8259,bpugh@aol.com,http://www.alpenliteinc.com,User,Write
Jamal,Vanausdal,"Hubbard, Bruce Esq",,8831,732-234-1546,jamal@vanausdal.org,http://www.hubbardbruceesq.com,Admin,Read
Cecily,Hollack,Arthur A Oliver & Son Inc,,78731,512-486-3817,cecily@hollack.org,http://www.arthuraoliversoninc.com,User,Delete
Carmelina,Lindall,George Jessop Carter Jewelers,,80126,303-724-7371,carmelina_lindall@lindall.com,http://www.georgejessopcarterjewelers.com,Guest,Read
Maurine,Yglesias,"Schultz, Thomas C Md",,53214,414-748-1374,maurine_yglesias@yglesias.com,http://www.schultzthomascmd.com,User,Write
Tawna,Buvens,H H H Enterprises Inc,,10009,212-674-9610,tawna@gmail.com,http://www.hhhenterprisesinc.com,User,Execute
Penney,Weight,Hawaiian King Hotel,,99515,907-797-9628,penney_weight@aol.com,http://www.hawaiiankinghotel.com,User,Execute
Elly,Morocco,Killion Industries,,16502,814-393-5571,elly_morocco@gmail.com,http://www.killionindustries.com,Manager,Execute
Ilene,Eroman,"Robinson, William J Esq",,21061,410-914-9018,ilene.eroman@hotmail.com,http://www.robinsonwilliamjesq.com,User,Execute
Vallie,Mondella,Private Properties,,83707,208-862-5339,vmondella@mondella.com,http://www.privateproperties.com,Manager,Write
Kallie,Blackwood,Rowley Schlimgen Inc,,94104,415-315-2761,kallie.blackwood@gmail.com,http://www.rowleyschlimgeninc.com,Guest,Write
Johnetta,Abdallah,Forging Specialties,,27514,919-225-9345,johnetta_abdallah@aol.com,http://www.forgingspecialties.com,Admin,Write
Bobbye,Rhym,"Smits, Patricia Garity",,94070,650-528-5783,brhym@rhym.com,http://www.smitspatriciagarity.com,Guest,Execute
Micaela,Rhymes,H Lee Leonard Attorney At Law,,94520,925-647-3298,micaela_rhymes@gmail.com,http://www.hleeleonardattorneyatlaw.com,Manager,Delete
Tamar,Hoogland,A K Construction Co,,43140,740-343-8575,tamar@hotmail.com,http://www.akconstructionco.com,User,Delete
Moon,Parlato,"Ambelang, Jessica M Md",,14895,585-866-8313,moon@yahoo.com,http://www.ambelangjessicammd.com,Guest,Delete
Laurel,Reitler,Q A Service,,21215,410-520-4832,laurel_reitler@reitler.com,http://www.qaservice.com,Guest,Delete
Delisa,Crupi,Wood & Whitacre Contractors,,7105,973-354-2040,delisa.crupi@crupi.com,http://www.woodwhitacrecontractors.com,User,Read
Viva,Toelkes,Mark Iv Press Ltd,,60647,773-446-5569,viva.toelkes@gmail.com,http://www.markivpressltd.com,Guest,Read
Elza,Lipke,Museum Of Science & Industry,,7104,973-927-3447,elza@yahoo.com,http://www.museumofscienceindustry.com,Admin,Write
Devorah,Chickering,Garrison Ind,,88101,505-975-8559,devorah@hotmail.com,http://www.garrisonind.com,User,Execute
Timothy,Mulqueen,Saronix Nymph Products,,10309,718-332-6527,timothy_mulqueen@mulqueen.org,http://www.saronixnymphproducts.com,Guest,Write
Arlette,Honeywell,Smc Inc,,32254,904-775-4480,ahoneywell@honeywell.com,http://www.smcinc.com,User,Write
Dominque,Dickerson,E A I Electronic Assocs Inc,,94545,510-993-3758,dominque.dickerson@dickerson.org,http://www.eaielectronicassocsinc.com,User,Read
Lettie,Isenhower,"Conte, Christopher A Esq",,44122,216-657-7668,lettie_isenhower@yahoo.com,http://www.contechristopheraesq.com,Manager,Read
Myra,Munns,Anker Law Office,,76040,817-914-7518,mmunns@cox.net,http://www.ankerlawoffice.com,Guest,Delete
Stephaine,Barfield,Beutelschies & Company,,90247,310-774-7643,stephaine@barfield.com,http://www.beutelschiescompany.com,Admin,Delete
Lai,Gato,"Fligg, Kenneth I Jr",,60201,847-728-7286,lai.gato@gato.org,http://www.fliggkennethijr.com,Admin,Read
Stephen,Emigh,"Sharp, J Daniel Esq",,44302,330-537-5358,stephen_emigh@hotmail.com,http://www.sharpjdanielesq.com,Guest,Delete
Tyra,Shields,"Assink, Anne H Esq",,19106,215-255-1641,tshields@gmail.com,http://www.assinkannehesq.com,Manager,Execute
Tammara,Wardrip,Jewel My Shop Inc,,94010,650-803-1936,twardrip@cox.net,http://www.jewelmyshopinc.com,Guest,Write
Cory,Gibes,Chinese Translation Resources,,91776,626-572-1096,cory.gibes@gmail.com,http://www.chinesetranslationresources.com,Admin,Read
Danica,Bruschke,"Stevens, Charles T",,76708,254-782-8569,danica_bruschke@gmail.com,http://www.stevenscharlest.com,User,Read
Wilda,Giguere,"Mclaughlin, Luther W Cpa",,99501,907-870-5536,wilda@cox.net,http://www.mclaughlinlutherwcpa.com,Guest,Write
Elvera,Benimadho,Tree Musketeers,,95110,408-703-8505,elvera.benimadho@cox.net,http://www.treemusketeers.com,User,Write
Carma,Vanheusen,Springfield Div Oh Edison Co,,94577,510-503-7169,carma@cox.net,http://www.springfielddivohedisonco.com,Manager,Delete
Malinda,Hochard,Logan Memorial Hospital,,46202,317-722-5066,malinda.hochard@yahoo.com,http://www.loganmemorialhospital.com,Admin,Delete
Natalie,Fern,"Kelly, Charles G Esq",,82901,307-704-8713,natalie.fern@hotmail.com,http://www.kellycharlesgesq.com,Admin,Delete
Lisha,Centini,Industrial Paper Shredders Inc,,22102,703-235-3937,lisha@centini.org,http://www.industrialpapershreddersinc.com,Admin,Delete
Arlene,Klusman,Beck Horizon Builders,,70112,504-710-5840,arlene_klusman@gmail.com,http://www.beckhorizonbuilders.com,Admin,Execute
Alease,Buemi,Porto Cayo At Hawks Cay,,80303,303-301-4946,alease@buemi.com,http://www.portocayoathawkscay.com,Admin,Write
Louisa,Cronauer,Pacific Grove Museum Ntrl Hist,,94577,510-828-7047,louisa@cronauer.com,http://www.pacificgrovemuseumntrlhist.com,Manager,Execute
Angella,Cetta,Bender & Hatley Pc,,96817,808-892-7943,angella.cetta@hotmail.com,http://www.benderhatleypc.com,Guest,Write
Cyndy,Goldammer,Di Cristina J & Son,,55337,952-334-9408,cgoldammer@cox.net,http://www.dicristinajson.com,User,Execute
Rosio,Cork,Green Goddess,,27263,336-243-5659,rosio.cork@gmail.com,http://www.greengoddess.com,User,Delete
Celeste,Korando,American Arts & Graphics,,11563,516-509-2347,ckorando@hotmail.com,http://www.americanartsgraphics.com,Manager,Read
Twana,Felger,Opryland Hotel,,97224,503-939-3153,twana.felger@felger.org,http://www.oprylandhotel.com,Guest,Write
Estrella,Samu,Marking Devices Pubg Co,,53511,608-976-7199,estrella@aol.com,http://www.markingdevicespubgco.com,Guest,Execute
Donte,Kines,W Tc Industries Inc,,1602,508-429-8576,dkines@hotmail.com,http://www.wtcindustriesinc.com,Manager,Read
Tiffiny,Steffensmeier,Whitehall Robbins Labs Divsn,,33133,305-385-9695,tiffiny_steffensmeier@cox.net,http://www.whitehallrobbinslabsdivsn.com,User,Read
Edna,Miceli,Sampler,,16502,814-460-2655,emiceli@miceli.org,http://www.sampler.com,Admin,Execute
Sue,Kownacki,Juno Chefs Incorporated,,75149,972-666-3413,sue@aol.com,http://www.junochefsincorporated.com,User,Execute
Jesusa,Shin,"Carroccio, A Thomas Esq",,37388,931-273-8709,jshin@shin.com,http://www.carroccioathomasesq.com,Admin,Read
Rolland,Francescon,"Stanley, Richard L Esq",,7501,973-649-2922,rolland@cox.net,http://www.stanleyrichardlesq.com,Manager,Execute
Pamella,Schmierer,K Cs Cstm Mouldings Windows,,33030,305-420-8970,pamella.schmierer@schmierer.org,http://www.kcscstmmouldingswindows.com,Guest,Read
Glory,Kulzer,Comfort Inn,,21117,410-224-9462,gkulzer@kulzer.org,http://www.comfortinn.com,Admin,Delete
Shawna,Palaspas,"Windsor, James L Esq",,91362,805-275-3566,shawna_palaspas@palaspas.org,http://www.windsorjameslesq.com,Admin,Delete
Brandon,Callaro,Jackson Shields Yeiser,,96819,808-215-6832,brandon_callaro@hotmail.com,http://www.jacksonshieldsyeiser.com,User,Execute
Scarlet,Cartan,"Box, J Calvin Esq",,31701,229-735-3378,scarlet.cartan@yahoo.com,http://www.boxjcalvinesq.com,User,Delete
Oretha,Menter,Custom Engineering Inc,,2210,617-418-5043,oretha_menter@yahoo.com,http://www.customengineeringinc.com,Guest,Execute
Ty,Smith,Bresler Eitel Framg Gllry Ltd,,7601,201-672-1553,tsmith@aol.com,http://www.breslereitelframggllryltd.com,Admin,Delete
Xuan,Rochin,"Carol, Drake Sparks Esq",,94403,650-933-5072,xuan@gmail.com,http://www.caroldrakesparksesq.com,Manager,Read
Lindsey,Dilello,Biltmore Investors Bank,,91761,909-639-9887,lindsey.dilello@hotmail.com,http://www.biltmoreinvestorsbank.com,Manager,Execute
Devora,Perez,Desco Equipment Corp,,94606,510-955-3016,devora_perez@perez.org,http://www.descoequipmentcorp.com,Guest,Read
Herman,Demesa,Merlin Electric Co,,12180,518-497-2940,hdemesa@cox.net,http://www.merlinelectricco.com,User,Write
Rory,Papasergi,Bailey Cntl Co Div Babcock,,18411,570-867-7489,rpapasergi@cox.net,http://www.baileycntlcodivbabcock.com,Manager,Read
Talia,Riopelle,Ford Brothers Wholesale Inc,,7050,973-245-2133,talia_riopelle@aol.com,http://www.fordbrotherswholesaleinc.com,Manager,Delete
Van,Shire,Cambridge Inn,,8867,908-409-2890,van.shire@shire.com,http://www.cambridgeinn.com,User,Execute
Lucina,Lary,"Matricciani, Albert J Jr",,32922,321-749-4981,lucina_lary@cox.net,http://www.matriccianialbertjjr.com,User,Read
Bok,Isaacs,Nelson Hawaiian Ltd,,10468,718-809-3762,bok.isaacs@aol.com,http://www.nelsonhawaiianltd.com,Guest,Write
Rolande,Spickerman,Neland Travel Agency,,96782,808-315-3077,rolande.spickerman@spickerman.com,http://www.nelandtravelagency.com,Manager,Write
Howard,Paulas,"Asendorf, J Alan Esq",,80231,303-623-4241,hpaulas@gmail.com,http://www.asendorfjalanesq.com,Guest,Write
Kimbery,Madarang,"Silberman, Arthur L Esq",,7866,973-310-1634,kimbery_madarang@cox.net,http://www.silbermanarthurlesq.com,Admin,Delete
Thurman,Manno,Honey Bee Breeding Genetics &,,8201,609-524-3586,thurman.manno@yahoo.com,http://www.honeybeebreedinggenetics.com,Manager,Execute
Becky,Mirafuentes,Wells Kravitz Schnitzer,,7062,908-877-8409,becky.mirafuentes@mirafuentes.com,http://www.wellskravitzschnitzer.com,User,Delete
Beatriz,Corrington,Prohab Rehabilitation Servs,,2346,508-584-4279,beatriz@yahoo.com,http://www.prohabrehabilitationservs.com,User,Delete
Marti,Maybury,"Eldridge, Kristin K Esq",,60638,773-775-4522,marti.maybury@yahoo.com,http://www.eldridgekristinkesq.com,User,Read
Nieves,Gotter,"Vlahos, John J Esq",,97202,503-527-5274,nieves_gotter@gmail.com,http://www.vlahosjohnjesq.com,Manager,Write
Leatha,Hagele,Ninas Indian Grs & Videos,,75227,214-339-1809,lhagele@cox.net,http://www.ninasindiangrsvideos.com,User,Write
Valentin,Klimek,"Schmid, Gayanne K Esq",,60604,312-303-5453,vklimek@klimek.org,http://www.schmidgayannekesq.com,User,Execute
Melissa,Wiklund,Moapa Valley Federal Credit Un,,45840,419-939-3613,melissa@cox.net,http://www.moapavalleyfederalcreditun.com,Admin,Execute
Sheridan,Zane,Kentucky Tennessee Clay Co,,92501,951-645-3605,sheridan.zane@zane.com,http://www.kentuckytennesseeclayco.com,Admin,Execute
Bulah,Padilla,Admiral Party Rentals & Sales,,76707,254-463-4368,bulah_padilla@hotmail.com,http://www.admiralpartyrentalssales.com,User,Write
Audra,Kohnert,"Nelson, Karolyn King Esq",,37211,615-406-7854,audra@kohnert.com,http://www.nelsonkarolynkingesq.com,Admin,Execute
Daren,Weirather,Panasystems,,53216,414-959-2540,dweirather@aol.com,http://www.panasystems.com,Manager,Write
Fernanda,Jillson,"Shank, Edward L Esq",,21655,410-387-5260,fjillson@aol.com,http://www.shankedwardlesq.com,User,Execute
Gearldine,Gellinger,Megibow & Edwards,,75061,972-934-6914,gearldine_gellinger@gellinger.com,http://www.megibowedwards.com,User,Read
Chau,Kitzman,"Benoff, Edward Esq",,90212,310-560-8022,chau@gmail.com,http://www.benoffedwardesq.com,User,Write
Theola,Frey,Woodbridge Free Public Library,,11758,516-948-5768,theola_frey@frey.com,http://www.woodbridgefreepubliclibrary.com,Guest,Write
Cheryl,Haroldson,New York Life John Thune,,8401,609-518-7697,cheryl@haroldson.org,http://www.newyorklifejohnthune.com,User,Write
Laticia,Merced,Alinabal Inc,,45203,513-508-7371,lmerced@gmail.com,http://www.alinabalinc.com,Manager,Read
Carissa,Batman,"Poletto, Kim David Esq",,97401,541-326-4074,carissa.batman@yahoo.com,http://www.polettokimdavidesq.com,User,Execute
Lezlie,Craghead,"Chang, Carolyn Esq",,27577,919-533-3762,lezlie.craghead@craghead.org,http://www.changcarolynesq.com,User,Delete
Ozell,Shealy,Silver Bros Inc,,10002,212-332-8435,oshealy@hotmail.com,http://www.silverbrosinc.com,User,Delete
Arminda,Parvis,Newtec Inc,,85017,602-906-9419,arminda@parvis.com,http://www.newtecinc.com,Admin,Read
Reita,Leto,Creative Business Systems,,46240,317-234-1135,reita.leto@gmail.com,http://www.creativebusinesssystems.com,Admin,Execute
Yolando,Luczki,Dal Tile Corporation,,13214,315-304-4759,yolando@cox.net,http://www.daltilecorporation.com,Admin,Delete
Lizette,Stem,Edward S Katz,,8002,856-487-5412,lizette.stem@aol.com,http://www.edwardskatz.com,User,Read
Gregoria,Pawlowicz,Oh My Goodknits Inc,,11530,516-212-1915,gpawlowicz@yahoo.com,http://www.ohmygoodknitsinc.com,Manager,Read
Carin,Deleo,"Redeker, Debbie",,72202,501-308-1040,cdeleo@deleo.com,http://www.redekerdebbie.com,Admin,Write
Chantell,Maynerich,Desert Sands Motel,,55101,651-591-2583,chantell@yahoo.com,http://www.desertsandsmotel.com,Admin,Delete
Dierdre,Yum,Cummins Southern Plains Inc,,19134,215-325-3042,dyum@yahoo.com,http://www.cumminssouthernplainsinc.com,Manager,Delete
Larae,Gudroe,Lehigh Furn Divsn Lehigh,,70360,985-890-7262,larae_gudroe@gmail.com,http://www.lehighfurndivsnlehigh.com,User,Delete
Latrice,Tolfree,United Van Lines Agent,,11779,631-957-7624,latrice.tolfree@hotmail.com,http://www.unitedvanlinesagent.com,Guest,Write
Kerry,Theodorov,Capitol Reporters,,95827,916-591-3277,kerry.theodorov@gmail.com,http://www.capitolreporters.com,Guest,Execute
Dorthy,Hidvegi,Kwik Kopy Printing,,83704,208-649-2373,dhidvegi@yahoo.com,http://www.kwikkopyprinting.com,User,Read
Fannie,Lungren,Centro Inc,,78664,512-587-5746,fannie.lungren@yahoo.com,http://www.centroinc.com,Admin,Write
Evangelina,Radde,"Campbell, Jan Esq",,19123,215-964-3284,evangelina@aol.com,http://www.campbelljanesq.com,Admin,Read
Novella,Degroot,"Evans, C Kelly Esq",,96720,808-477-4775,novella_degroot@degroot.org,http://www.evansckellyesq.com,Admin,Write
Clay,Hoa,Scat Enterprises,,89502,775-501-8109,choa@hoa.org,http://www.scatenterprises.com,Guest,Read
Jennifer,Fallick,"Nagle, Daniel J Esq",,60090,847-979-9545,jfallick@yahoo.com,http://www.nagledanieljesq.com,Admin,Read
Irma,Wolfgramm,Serendiquity Bed & Breakfast,,7869,973-545-7355,irma.wolfgramm@hotmail.com,http://www.serendiquitybedbreakfast.com,Admin,Delete
Eun,Coody,Ray Carolyne Realty,,29301,864-256-3620,eun@yahoo.com,http://www.raycarolynerealty.com,User,Delete
Sylvia,Cousey,"Berg, Charles E",,21074,410-209-9545,sylvia_cousey@cousey.org,http://www.bergcharlese.com,Manager,Delete
Nana,Wrinkles,"Ray, Milbern D",,10553,914-855-2115,nana@aol.com,http://www.raymilbernd.com,Guest,Write
Layla,Springe,Chadds Ford Winery,,10011,212-260-3151,layla.springe@cox.net,http://www.chaddsfordwinery.com,User,Delete
Joesph,Degonia,A R Packaging,,94710,510-677-9785,joesph_degonia@degonia.org,http://www.arpackaging.com,Guest,Read
Annabelle,Boord,Corn Popper,,1742,978-697-6263,annabelle.boord@cox.net,http://www.cornpopper.com,User,Execute
Stephaine,Vinning,Birite Foodservice Distr,,94104,415-767-6596,stephaine@cox.net,http://www.biritefoodservicedistr.com,Guest,Delete
Nelida,Sawchuk,Anchorage Museum Of Hist & Art,,7652,201-971-1638,nelida@gmail.com,http://www.anchoragemuseumofhistart.com,Guest,Execute
Marguerita,Hiatt,"Haber, George D Md",,94561,925-634-7158,marguerita.hiatt@gmail.com,http://www.habergeorgedmd.com,Guest,Read
Carmela,Cookey,Royal Pontiac Olds Inc,,60623,773-494-4195,ccookey@cookey.org,http://www.royalpontiacoldsinc.com,Guest,Delete
Junita,Brideau,Leonards Antiques Inc,,7009,973-943-3423,jbrideau@aol.com,http://www.leonardsantiquesinc.com,Manager,Execute
Claribel,Varriano,Meca,,43551,419-544-4900,claribel_varriano@cox.net,http://www.meca.com,Admin,Write
Benton,Skursky,Nercon Engineering & Mfg Inc,,90248,310-579-2907,benton.skursky@aol.com,http://www.nerconengineeringmfginc.com,User,Delete
Hillary,Skulski,Replica I,,34448,352-242-2570,hillary.skulski@aol.com,http://www.replicai.com,Admin,Write
Merilyn,Bayless,20 20 Printing Inc,,95054,408-758-5015,merilyn_bayless@cox.net,http://www.printinginc.com,Manager,Execute
Teri,Ennaco,Publishers Group West,,18201,570-889-5187,tennaco@gmail.com,http://www.publishersgroupwest.com,User,Write
Merlyn,Lawler,"Nischwitz, Jeffrey L Esq",,7304,201-588-7810,merlyn_lawler@hotmail.com,http://www.nischwitzjeffreylesq.com,Admin,Write
Georgene,Montezuma,Payne Blades & Wellborn Pa,,94583,925-615-5185,gmontezuma@cox.net,http://www.paynebladeswellbornpa.com,User,Delete
Jettie,Mconnell,Coldwell Bnkr Wright Real Est,,8807,908-802-3564,jmconnell@hotmail.com,http://www.coldwellbnkrwrightrealest.com,Manager,Delete
Lemuel,Latzke,Computer Repair Service,,11716,631-748-6479,lemuel.latzke@gmail.com,http://www.computerrepairservice.com,User,Delete
Melodie,Knipp,Fleetwood Building Block Inc,,91362,805-690-1682,mknipp@gmail.com,http://www.fleetwoodbuildingblockinc.com,Admin,Delete
Candida,Corbley,Colts Neck Medical Assocs Inc,,8876,908-275-8357,candida_corbley@hotmail.com,http://www.coltsneckmedicalassocsinc.com,Admin,Read
Karan,Karpin,New England Taxidermy,,97005,503-940-8327,karan_karpin@gmail.com,http://www.newenglandtaxidermy.com,Manager,Delete
Andra,Scheyer,"Ludcke, George O Esq",,97302,503-516-2189,andra@gmail.com,http://www.ludckegeorgeoesq.com,User,Delete
Felicidad,Poullion,"Mccorkle, Tom S Esq",,8077,856-305-9731,fpoullion@poullion.com,http://www.mccorkletomsesq.com,User,Execute
Belen,Strassner,Eagle Software Inc,,30135,770-507-8791,belen_strassner@aol.com,http://www.eaglesoftwareinc.com,Manager,Read
Gracia,Melnyk,Juvenile & Adult Super,,32216,904-235-3633,gracia@melnyk.com,http://www.juvenileadultsuper.com,Guest,Write
Jolanda,Hanafan,"Perez, Joseph J Esq",,4401,207-458-9196,jhanafan@gmail.com,http://www.perezjosephjesq.com,Admin,Write
Barrett,Toyama,Case Foundation Co,,76060,817-765-5781,barrett.toyama@toyama.org,http://www.casefoundationco.com,User,Read
Helga,Fredicks,Eis Environmental Engrs Inc,,14228,716-752-4114,helga_fredicks@yahoo.com,http://www.eisenvironmentalengrsinc.com,Manager,Read
Ashlyn,Pinilla,Art Crafters,,33054,305-670-9628,apinilla@cox.net,http://www.artcrafters.com,User,Execute
Fausto,Agramonte,Marriott Hotels Resorts Suites,,10038,212-313-1783,fausto_agramonte@yahoo.com,http://www.marriotthotelsresortssuites.com,Guest,Execute
Ronny,Caiafa,Remaco Inc,,19103,215-605-7570,ronny.caiafa@caiafa.org,http://www.remacoinc.com,Manager,Delete
Marge,Limmel,"Bjork, Robert D Jr",,32536,850-430-1663,marge@gmail.com,http://www.bjorkrobertdjr.com,Manager,Write
Norah,Waymire,"Carmichael, Jeffery L Esq",,94107,415-306-7897,norah.waymire@gmail.com,http://www.carmichaeljefferylesq.com,Manager,Read
Aliza,Baltimore,"Andrews, J Robert Esq",,95132,408-504-3552,aliza@aol.com,http://www.andrewsjrobertesq.com,User,Read
Mozell,Pelkowski,Winship & Byrne,,94080,650-947-1215,mpelkowski@pelkowski.org,http://www.winshipbyrne.com,Manager,Delete
Viola,Bitsuie,Burton & Davis,,91325,818-864-4875,viola@gmail.com,http://www.burtondavis.com,Admin,Read
Franklyn,Emard,Olympic Graphic Arts,,19103,215-558-8189,femard@emard.com,http://www.olympicgraphicarts.com,Guest,Delete
Willodean,Konopacki,Magnuson,,70506,337-253-8384,willodean_konopacki@konopacki.org,http://www.magnuson.com,User,Execute
Beckie,Silvestrini,A All American Travel Inc,,48126,313-533-4884,beckie.silvestrini@silvestrini.com,http://www.aallamericantravelinc.com,Guest,Read
Rebecka,Gesick,Polykote Inc,,78754,512-213-8574,rgesick@gesick.org,http://www.polykoteinc.com,User,Write
Frederica,Blunk,Jets Cybernetics,,75207,214-428-2285,frederica_blunk@gmail.com,http://www.jetscybernetics.com,User,Execute
Glen,Bartolet,Metlab Testing Services,,98070,206-697-5796,glen_bartolet@hotmail.com,http://www.metlabtestingservices.com,Manager,Delete
Freeman,Gochal,"Kellermann, William T Esq",,19320,610-476-3501,freeman_gochal@aol.com,http://www.kellermannwilliamtesq.com,Manager,Read
Vincent,Meinerding,"Arturi, Peter D Esq",,19143,215-372-1718,vincent.meinerding@hotmail.com,http://www.arturipeterdesq.com,Admin,Read
Rima,Bevelacqua,Mcauley Mfg Co,,90248,310-858-5079,rima@cox.net,http://www.mcauleymfgco.com,Manager,Write
Glendora,Sarbacher,Defur Voran Hanley Radcliff,,94928,707-653-8214,gsarbacher@gmail.com,http://www.defurvoranhanleyradcliff.com,Guest,Execute
Avery,Steier,Dill Dill Carr & Stonbraker Pc,,32803,407-808-9439,avery@cox.net,http://www.dilldillcarrstonbrakerpc.com,User,Read
Cristy,Lother,Kleensteel,,92025,760-971-4322,cristy@lother.com,http://www.kleensteel.com,User,Delete
Nicolette,Brossart,Goulds Pumps Inc Slurry Pump,,1581,508-837-9230,nicolette_brossart@brossart.com,http://www.gouldspumpsincslurrypump.com,Manager,Read
Tracey,Modzelewski,Kansas City Insurance Report,,77301,936-264-9294,tracey@hotmail.com,http://www.kansascityinsurancereport.com,Admin,Execute
Virgina,Tegarden,Berhanu International Foods,,53226,414-214-8697,virgina_tegarden@tegarden.com,http://www.berhanuinternationalfoods.com,Manager,Execute
Tiera,Frankel,Roland Ashcroft,,91731,626-636-4117,tfrankel@aol.com,http://www.rolandashcroft.com,Admin,Write
Alaine,Bergesen,Hispanic Magazine,,10701,914-300-9193,alaine_bergesen@cox.net,http://www.hispanicmagazine.com,Guest,Write
Earleen,Mai,Little Sheet Metal Co,,75227,214-289-1973,earleen_mai@cox.net,http://www.littlesheetmetalco.com,User,Write
Leonida,Gobern,"Holmes, Armstead J Esq",,39530,228-235-5615,leonida@gobern.org,http://www.holmesarmsteadjesq.com,Guest,Delete
Ressie,Auffrey,"Faw, James C Cpa",,33134,305-604-8981,ressie.auffrey@yahoo.com,http://www.fawjamesccpa.com,Guest,Read
Justine,Mugnolo,Evans Rule Company,,10048,212-304-9225,jmugnolo@yahoo.com,http://www.evansrulecompany.com,Guest,Write
Eladia,Saulter,Tyee Productions Inc,,7446,201-474-4924,eladia@saulter.com,http://www.tyeeproductionsinc.com,Guest,Write
Chaya,Malvin,Dunnells & Duvall,,48103,734-928-5182,chaya@malvin.com,http://www.dunnellsduvall.com,Manager,Write
Gwenn,Suffield,Deltam Systems Inc,,11729,631-258-6558,gwenn_suffield@suffield.org,http://www.deltamsystemsinc.com,User,Delete
Salena,Karpel,Hammill Mfg Co,,44707,330-791-8557,skarpel@cox.net,http://www.hammillmfgco.com,Guest,Execute
Yoko,Fishburne,Sams Corner Store,,6511,203-506-4706,yoko@fishburne.com,http://www.samscornerstore.com,User,Write
Taryn,Moyd,"Siskin, Mark J Esq",,22030,703-322-4041,taryn.moyd@hotmail.com,http://www.siskinmarkjesq.com,Guest,Write
Katina,Polidori,Cape & Associates Real Estate,,1887,978-626-2978,katina_polidori@aol.com,http://www.capeassociatesrealestate.com,Manager,Write
Rickie,Plumer,Merrill Lynch,,43613,419-693-1334,rickie.plumer@aol.com,http://www.merrilllynch.com,Manager,Read
Alex,Loader,"Sublett, Scott Esq",,98409,253-660-7821,alex@loader.com,http://www.sublettscottesq.com,Manager,Delete
Lashon,Vizarro,Sentry Signs,,95661,916-741-7884,lashon@aol.com,http://www.sentrysigns.com,User,Write
Lauran,Burnard,Professionals Unlimited,,82501,307-342-7795,lburnard@burnard.com,http://www.professionalsunlimited.com,User,Delete
Ceola,Setter,Southern Steel Shelving Co,,4864,207-627-7565,ceola.setter@setter.org,http://www.southernsteelshelvingco.com,User,Delete
My,Rantanen,"Bosco, Paul J",,18954,215-491-5633,my@hotmail.com,http://www.boscopaulj.com,Guest,Write
Lorrine,Worlds,"Longo, Nicholas J Esq",,33614,813-769-2939,lorrine.worlds@worlds.com,http://www.longonicholasjesq.com,User,Execute
Peggie,Sturiale,Henry County Middle School,,92020,619-608-1763,peggie@cox.net,http://www.henrycountymiddleschool.com,User,Write
Marvel,Raymo,Edison Supply & Equipment Co,,77840,979-718-8968,mraymo@yahoo.com,http://www.edisonsupplyequipmentco.com,Admin,Execute
Daron,Dinos,"Wolf, Warren R Esq",,60035,847-233-3075,daron_dinos@cox.net,http://www.wolfwarrenresq.com,Guest,Execute
An,Fritz,Linguistic Systems Inc,,8401,609-228-5265,an_fritz@hotmail.com,http://www.linguisticsystemsinc.com,Guest,Delete
Portia,Stimmel,Peace Christian Center,,8807,908-722-7128,portia.stimmel@aol.com,http://www.peacechristiancenter.com,User,Execute
Rhea,Aredondo,Double B Foods Inc,,11226,718-560-9537,rhea_aredondo@cox.net,http://www.doublebfoodsinc.com,Guest,Delete
Benedict,Sama,Alexander & Alexander Inc,,63104,314-787-1588,bsama@cox.net,http://www.alexanderalexanderinc.com,User,Write
Alyce,Arias,Fairbanks Scales,,95207,209-317-1801,alyce@arias.org,http://www.fairbanksscales.com,User,Write
Heike,Berganza,Cali Sportswear Cutting Dept,,7424,973-936-5095,heike@gmail.com,http://www.calisportswearcuttingdept.com,Manager,Read
Carey,Dopico,"Garofani, John Esq",,46220,317-578-2453,carey_dopico@dopico.org,http://www.garofanijohnesq.com,User,Read
Dottie,Hellickson,Thompson Fabricating Co,,98133,206-540-6076,dottie@hellickson.org,http://www.thompsonfabricatingco.com,Manager,Delete
Deandrea,Hughey,Century 21 Krall Real Estate,,27215,336-822-7652,deandrea@yahoo.com,http://www.centurykrallrealestate.com,Guest,Execute
Kimberlie,Duenas,Mid Contntl Rlty & Prop Mgmt,,67601,785-629-8542,kimberlie_duenas@yahoo.com,http://www.midcontntlrltypropmgmt.com,Admin,Write
Martina,Staback,Ace Signs Inc,,32822,407-471-6908,martina_staback@staback.com,http://www.acesignsinc.com,Admin,Read
Skye,Fillingim,Rodeway Inn,,55401,612-508-2655,skye_fillingim@yahoo.com,http://www.rodewayinn.com,Admin,Read
Jade,Farrar,Bonnet & Daughter,,29201,803-352-5387,jade.farrar@yahoo.com,http://www.bonnetdaughter.com,Admin,Delete
Charlene,Hamilton,Oshins & Gibbons,,95407,707-300-1771,charlene.hamilton@hotmail.com,http://www.oshinsgibbons.com,Admin,Delete
Geoffrey,Acey,Price Business Services,,60067,847-222-1734,geoffrey@gmail.com,http://www.pricebusinessservices.com,Guest,Write
Stevie,Westerbeck,"Wise, Dennis W Md",,92626,949-867-4077,stevie.westerbeck@yahoo.com,http://www.wisedenniswmd.com,Manager,Read
Pamella,Fortino,Super 8 Motel,,80212,303-404-2210,pamella@fortino.com,http://www.supermotel.com,Guest,Write
Harrison,Haufler,John Wagner Associates,,6515,203-801-6193,hhaufler@hotmail.com,http://www.johnwagnerassociates.com,Guest,Read
Johnna,Engelberg,Thrifty Oil Co,,98021,425-986-7573,jengelberg@engelberg.org,http://www.thriftyoilco.com,Guest,Delete
Buddy,Cloney,Larkfield Photo,,44136,440-989-5826,buddy.cloney@yahoo.com,http://www.larkfieldphoto.com,User,Read
Dalene,Riden,Silverman Planetarium,,3865,603-315-6839,dalene.riden@aol.com,http://www.silvermanplanetarium.com,User,Execute
Jerry,Zurcher,J & F Lumber,,32937,321-518-5938,jzurcher@zurcher.org,http://www.jflumber.com,User,Write
Haydee,Denooyer,Cleaning Station Inc,,10016,212-792-8658,hdenooyer@denooyer.org,http://www.cleaningstationinc.com,Guest,Read
Joseph,Cryer,Ames Stationers,,92647,714-584-2237,joseph_cryer@cox.net,http://www.amesstationers.com,Guest,Delete
Deonna,Kippley,Midas Muffler Shops,,48075,248-913-4677,deonna_kippley@hotmail.com,http://www.midasmufflershops.com,User,Delete
Raymon,Calvaresi,Seaboard Securities Inc,,46222,317-825-4724,raymon.calvaresi@gmail.com,http://www.seaboardsecuritiesinc.com,Manager,Execute
Alecia,Bubash,"Petersen, James E Esq",,76301,940-276-7922,alecia@aol.com,http://www.petersenjameseesq.com,Manager,Delete
Ma,Layous,Development Authority,,6473,203-721-3388,mlayous@hotmail.com,http://www.developmentauthority.com,Admin,Read
Detra,Coyier,Schott Fiber Optics Inc,,21001,410-739-9277,detra@aol.com,http://www.schottfiberopticsinc.com,Admin,Write
Terrilyn,Rodeigues,Stuart J Agins,,70130,504-463-4384,terrilyn.rodeigues@cox.net,http://www.stuartjagins.com,Admin,Write
Salome,Lacovara,Mitsumi Electronics Corp,,23219,804-550-5097,slacovara@gmail.com,http://www.mitsumielectronicscorp.com,User,Read
Garry,Keetch,Italian Express Franchise Corp,,18966,215-979-8776,garry_keetch@hotmail.com,http://www.italianexpressfranchisecorp.com,Manager,Read
Matthew,Neither,American Council On Sci & Hlth,,55379,952-651-7597,mneither@yahoo.com,http://www.americancouncilonscihlth.com,Guest,Write
Theodora,Restrepo,"Kleri, Patricia S Esq",,33136,305-936-8226,theodora.restrepo@restrepo.com,http://www.kleripatriciasesq.com,Manager,Execute
Noah,Kalafatis,Twiggs Abrams Blanchard,,53209,414-263-5287,noah.kalafatis@aol.com,http://www.twiggsabramsblanchard.com,Admin,Read
Carmen,Sweigard,Maui Research & Technology Pk,,8873,732-941-2621,csweigard@sweigard.com,http://www.mauiresearchtechnologypk.com,Guest,Execute
Lavonda,Hengel,Bradley Nameplate Corp,,58102,701-898-2154,lavonda@cox.net,http://www.bradleynameplatecorp.com,Manager,Write
Junita,Stoltzman,Geonex Martel Inc,,89701,775-638-9963,junita@aol.com,http://www.geonexmartelinc.com,Guest,Delete
Herminia,Nicolozakes,Sea Island Div Of Fstr Ind Inc,,85254,602-954-5141,herminia@nicolozakes.org,http://www.seaislanddivoffstrindinc.com,Admin,Write
Casie,Good,"Papay, Debbie J Esq",,37211,615-390-2251,casie.good@aol.com,http://www.papaydebbiejesq.com,Admin,Write
Reena,Maisto,Lane Promotions,,21801,410-351-1863,reena@hotmail.com,http://www.lanepromotions.com,Manager,Delete
Mirta,Mallett,Stephen Kennerly Archts Inc Pc,,10004,212-870-1286,mirta_mallett@gmail.com,http://www.stephenkennerlyarchtsincpc.com,Guest,Read
Cathrine,Pontoriero,Business Systems Of Wis Inc,,79109,806-703-1435,cathrine.pontoriero@pontoriero.com,http://www.businesssystemsofwisinc.com,Manager,Delete
Filiberto,Tawil,"Flash, Elena Salerno Esq",,90016,323-765-2528,ftawil@hotmail.com,http://www.flashelenasalernoesq.com,Manager,Read
Raul,Upthegrove,"Neeley, Gregory W Esq",,91942,619-509-5282,rupthegrove@yahoo.com,http://www.neeleygregorywesq.com,Manager,Delete
Sarah,Candlish,Alabama Educational Tv Comm,,30328,770-732-1194,sarah.candlish@gmail.com,http://www.alabamaeducationaltvcomm.com,Manager,Execute
Lucy,Treston,Franz Inc,,1602,508-769-5250,lucy@cox.net,http://www.franzinc.com,User,Read
Judy,Aquas,Plantation Restaurant,,49120,269-756-7222,jaquas@aquas.com,http://www.plantationrestaurant.com,Admin,Write
Yvonne,Tjepkema,Radio Communications Co,,7004,973-714-1721,yvonne.tjepkema@hotmail.com,http://www.radiocommunicationsco.com,Manager,Write
Kayleigh,Lace,Dentalaw Divsn Hlth Care,,70508,337-740-9323,kayleigh.lace@yahoo.com,http://www.dentalawdivsnhlthcare.com,User,Execute
Felix,Hirpara,American Speedy Printing Ctrs,,17517,717-491-5643,felix_hirpara@cox.net,http://www.americanspeedyprintingctrs.com,User,Execute
Tresa,Sweely,"Grayson, Grant S Esq",,63088,314-359-9566,tresa_sweely@hotmail.com,http://www.graysongrantsesq.com,Admin,Delete
Kristeen,Turinetti,Jeanerette Middle School,,76013,817-213-8851,kristeen@gmail.com,http://www.jeanerettemiddleschool.com,Admin,Write
Jenelle,Regusters,"Haavisto, Brian F Esq",,33619,813-932-8715,jregusters@regusters.com,http://www.haavistobrianfesq.com,Manager,Read
Renea,Monterrubio,Wmmt Radio Station,,30328,770-679-4752,renea@hotmail.com,http://www.wmmtradiostation.com,User,Execute
Olive,Matuszak,Colony Paints Sales Ofc & Plnt,,92234,760-938-6069,olive@aol.com,http://www.colonypaintssalesofcplnt.com,Manager,Read
Ligia,Reiber,Floral Expressions,,48933,517-906-1108,lreiber@cox.net,http://www.floralexpressions.com,Guest,Execute
Christiane,Eschberger,Casco Services Inc,,85034,602-390-4944,christiane.eschberger@yahoo.com,http://www.cascoservicesinc.com,Guest,Read
Goldie,Schirpke,"Reuter, Arthur C Jr",,4401,207-295-7569,goldie.schirpke@yahoo.com,http://www.reuterarthurcjr.com,User,Execute
Loreta,Timenez,"Kaminski, Katherine Andritsaki",,20735,301-696-6420,loreta.timenez@hotmail.com,http://www.kaminskikatherineandritsaki.com,Admin,Write
Fabiola,Hauenstein,Sidewinder Products Corp,,17404,717-809-3119,fabiola.hauenstein@hauenstein.org,http://www.sidewinderproductscorp.com,Manager,Delete
Amie,Perigo,General Foam Corporation,,75150,972-419-7946,amie.perigo@yahoo.com,http://www.generalfoamcorporation.com,Admin,Delete
Raina,Brachle,Ikg Borden Divsn Harsco Corp,,59701,406-318-1515,raina.brachle@brachle.org,http://www.ikgbordendivsnharscocorp.com,Manager,Write
Erinn,Canlas,Anchor Computer Inc,,7039,973-767-3008,erinn.canlas@canlas.com,http://www.anchorcomputerinc.com,User,Delete
Cherry,Lietz,Sebring & Co,,48329,248-980-6904,cherry@lietz.com,http://www.sebringco.com,Admin,Read
Kattie,Vonasek,H A C Farm Lines Co Optv Assoc,,44103,216-923-3715,kattie@vonasek.org,http://www.hacfarmlinescooptvassoc.com,Manager,Write
Lilli,Scriven,"Hunter, John J Esq",,79601,325-631-1560,lilli@aol.com,http://www.hunterjohnjesq.com,Guest,Delete
Whitley,Tomasulo,Freehold Fence Co,,76107,817-526-4408,whitley.tomasulo@aol.com,http://www.freeholdfenceco.com,User,Write
Barbra,Adkin,Binswanger,,11230,718-201-3751,badkin@hotmail.com,http://www.binswanger.com,User,Write
Hermila,Thyberg,Chilton Malting Co,,2903,401-893-4882,hermila_thyberg@hotmail.com,http://www.chiltonmaltingco.com,User,Execute
Jesusita,Flister,"Schoen, Edward J Jr",,17601,717-885-9118,jesusita.flister@hotmail.com,http://www.schoenedwardjjr.com,User,Read
Caitlin,Julia,"Helderman, Seymour Cpa",,2919,401-948-4982,caitlin.julia@julia.org,http://www.heldermanseymourcpa.com,Manager,Write
Roosevelt,Hoffis,"Denbrook, Myron",,33014,305-622-4739,roosevelt.hoffis@aol.com,http://www.denbrookmyron.com,Admin,Write
Helaine,Halter,"Lippitt, Mike",,7304,201-832-4168,hhalter@yahoo.com,http://www.lippittmike.com,Admin,Write
Lorean,Martabano,"Hiram, Hogg P Esq",,78204,210-856-4979,lorean.martabano@hotmail.com,http://www.hiramhoggpesq.com,User,Execute
France,Buzick,In Travel Agency,,11219,718-478-8504,france.buzick@yahoo.com,http://www.intravelagency.com,Guest,Read
Justine,Ferrario,Newhart Foods Inc,,91768,909-993-3242,jferrario@hotmail.com,http://www.newhartfoodsinc.com,Manager,Read
Adelina,Nabours,Courtyard By Marriott,,44103,216-230-4892,adelina_nabours@gmail.com,http://www.courtyardbymarriott.com,Admin,Read
Derick,Dhamer,"Studer, Eugene A Esq",,10013,212-304-4515,ddhamer@cox.net,http://www.studereugeneaesq.com,Guest,Write
Jerry,Dallen,Seashore Supply Co Waretown,,23219,804-762-9576,jerry.dallen@yahoo.com,http://www.seashoresupplycowaretown.com,Admin,Write
Leota,Ragel,Mayar Silk Inc,,30753,706-221-4243,leota.ragel@gmail.com,http://www.mayarsilkinc.com,Guest,Execute
Jutta,Amyot,National Medical Excess Corp,,70518,337-515-1438,jamyot@hotmail.com,http://www.nationalmedicalexcesscorp.com,Guest,Write
Aja,Gehrett,Stero Company,,7110,973-544-2677,aja_gehrett@hotmail.com,http://www.sterocompany.com,Manager,Write
Kirk,Herritt,"Hasting, H Duane Esq",,13850,607-407-3716,kirk.herritt@aol.com,http://www.hastinghduaneesq.com,Manager,Write
Leonora,Mauson,Insty Prints,,7055,973-412-2995,leonora@yahoo.com,http://www.instyprints.com,User,Read
Winfred,Brucato,Glenridge Manor Mobile Home Pk,,83843,208-252-4552,winfred_brucato@hotmail.com,http://www.glenridgemanormobilehomepk.com,Admin,Execute
Tarra,Nachor,Circuit Solution Inc,,94104,415-411-1775,tarra.nachor@cox.net,http://www.circuitsolutioninc.com,Guest,Execute
Corinne,Loder,Local Office,,2760,508-942-4186,corinne@loder.org,http://www.localoffice.com,Manager,Read
Dulce,Labreche,Lee Kilkelly Paulson & Kabaker,,48307,248-357-8718,dulce_labreche@yahoo.com,http://www.leekilkellypaulsonkabaker.com,Admin,Write
Kate,Keneipp,"Davis, Maxon R Esq",,54301,920-353-6377,kate_keneipp@yahoo.com,http://www.davismaxonresq.com,User,Read
Kaitlyn,Ogg,"Garrison, Paul E Esq",,21230,410-665-4903,kaitlyn.ogg@gmail.com,http://www.garrisonpauleesq.com,Manager,Read
Sherita,Saras,Black History Resource Center,,80937,719-669-1664,sherita.saras@cox.net,http://www.blackhistoryresourcecenter.com,Manager,Delete
Lashawnda,Stuer,"Rodriguez, J Christopher Esq",,43607,419-588-8719,lstuer@cox.net,http://www.rodriguezjchristopheresq.com,Manager,Read
Ernest,Syrop,Grant Family Health Center,,20785,301-998-9644,ernest@cox.net,http://www.grantfamilyhealthcenter.com,User,Read
Nobuko,Halsey,Goeman Wood Products Inc,,2745,508-855-9887,nobuko.halsey@yahoo.com,http://www.goemanwoodproductsinc.com,Manager,Write
Lavonna,Wolny,"Linhares, Kenneth A Esq",,22102,703-483-1970,lavonna.wolny@hotmail.com,http://www.linhareskennethaesq.com,Admin,Write
Lashaunda,Lizama,Earnhardt Printing,,21076,410-678-2473,llizama@cox.net,http://www.earnhardtprinting.com,User,Execute
Mariann,Bilden,H P G Industrys Inc,,78753,512-223-4791,mariann.bilden@aol.com,http://www.hpgindustrysinc.com,Guest,Read
Helene,Rodenberger,Bailey Transportation Prod Inc,,85381,623-461-8551,helene@aol.com,http://www.baileytransportationprodinc.com,User,Delete
Roselle,Estell,Mcglynn Bliss Pc,,44820,419-571-5920,roselle.estell@hotmail.com,http://www.mcglynnblisspc.com,Admin,Delete
Samira,Heintzman,Mutual Fish Co,,98032,206-311-4137,sheintzman@hotmail.com,http://www.mutualfishco.com,Manager,Write
Margart,Meisel,"Yeates, Arthur L Aia",,45251,513-617-2362,margart_meisel@yahoo.com,http://www.yeatesarthurlaia.com,Guest,Write
Kristofer,Bennick,"Logan, Ronald J Esq",,47404,812-368-1511,kristofer.bennick@yahoo.com,http://www.loganronaldjesq.com,Guest,Delete
Weldon,Acuff,Advantage Martgage Company,,60004,847-353-2156,wacuff@gmail.com,http://www.advantagemartgagecompany.com,Guest,Read
Shalon,Shadrick,Germer And Gertz Llp,,11223,718-232-2337,shalon@cox.net,http://www.germerandgertzllp.com,Manager,Read
Denise,Patak,Spence Law Offices,,32801,407-446-4358,denise@patak.org,http://www.spencelawoffices.com,Manager,Delete
Louvenia,Beech,John Ortiz Nts Therapy Center,,90210,310-820-2117,louvenia.beech@beech.com,http://www.johnortizntstherapycenter.com,User,Delete
Audry,Yaw,Mike Uchrin Htg & Air Cond Inc,,33511,813-797-4816,audry.yaw@yaw.org,http://www.mikeuchrinhtgaircondinc.com,Guest,Read
Kristel,Ehmann,"Mccoy, Joy Reynolds Esq",,79925,915-452-1290,kristel.ehmann@aol.com,http://www.mccoyjoyreynoldsesq.com,User,Write
Vincenza,Zepp,Kbor 1600 Am,,92020,619-603-5125,vzepp@gmail.com,http://www.kboram.com,Manager,Execute
Elouise,Gwalthney,Quality Inn Northwest,,20710,301-841-5012,egwalthney@yahoo.com,http://www.qualityinnnorthwest.com,Manager,Execute
Venita,Maillard,Wallace Church Assoc Inc,,92801,714-523-6653,venita_maillard@gmail.com,http://www.wallacechurchassocinc.com,User,Read
Kasandra,Semidey,Can Tron,,63102,314-732-9131,kasandra_semidey@semidey.com,http://www.cantron.com,Manager,Write
Xochitl,Discipio,Ravaal Enterprises Inc,,78664,512-233-1831,xdiscipio@gmail.com,http://www.ravaalenterprisesinc.com,Manager,Write
Maile,Linahan,Thompson Steel Company Inc,,27409,336-670-2640,mlinahan@yahoo.com,http://www.thompsonsteelcompanyinc.com,Guest,Read
Krissy,Rauser,"Anderson, Mark A Esq",,11727,631-443-4710,krauser@cox.net,http://www.andersonmarkaesq.com,Manager,Execute
Pete,Dubaldi,Womack & Galich,,7071,201-825-2514,pdubaldi@hotmail.com,http://www.womackgalich.com,User,Execute
Linn,Paa,Valerie & Company,,38112,901-412-4381,linn_paa@paa.com,http://www.valeriecompany.com,Admin,Delete
Paris,Wide,Gehring Pumps Inc,,30342,404-505-4445,paris@hotmail.com,http://www.gehringpumpsinc.com,User,Delete
Wynell,Dorshorst,"Haehnel, Craig W Esq",,94044,650-473-1262,wynell_dorshorst@dorshorst.org,http://www.haehnelcraigwesq.com,Guest,Delete
Quentin,Birkner,Spoor Behrins Campbell & Young,,55337,952-702-7993,qbirkner@aol.com,http://www.spoorbehrinscampbellyoung.com,Guest,Delete
Regenia,Kannady,Ken Jeter Store Equipment Inc,,85260,480-726-1280,regenia.kannady@cox.net,http://www.kenjeterstoreequipmentinc.com,Manager,Delete
Sheron,Louissant,"Potter, Brenda J Cpa",,11101,718-976-8610,sheron@aol.com,http://www.potterbrendajcpa.com,Admin,Execute
Izetta,Funnell,Baird Kurtz & Dobson,,30340,770-844-3447,izetta.funnell@hotmail.com,http://www.bairdkurtzdobson.com,Guest,Read
Rodolfo,Butzen,"Minor, Cynthia A Esq",,55057,507-210-3510,rodolfo@hotmail.com,http://www.minorcynthiaaesq.com,Manager,Write
Zona,Colla,"Solove, Robert A Esq",,6854,203-461-1949,zona@hotmail.com,http://www.soloverobertaesq.com,Admin,Execute
Serina,Zagen,Mark Ii Imports Inc,,46802,260-273-3725,szagen@aol.com,http://www.markiiimportsinc.com,Manager,Delete
Paz,Sahagun,White Sign Div Ctrl Equip Co,,39307,601-927-8287,paz_sahagun@cox.net,http://www.whitesigndivctrlequipco.com,Guest,Execute
Markus,Lukasik,M & M Store Fixtures Co Inc,,48310,586-970-7380,markus@yahoo.com,http://www.mmstorefixturescoinc.com,Manager,Execute
Jaclyn,Bachman,Judah Caster & Wheel Co,,80919,719-853-3600,jaclyn@aol.com,http://www.judahcasterwheelco.com,Manager,Execute
Cyril,Daufeldt,Galaxy International Inc,,10013,212-745-8484,cyril_daufeldt@daufeldt.com,http://www.galaxyinternationalinc.com,Admin,Execute
Gayla,Schnitzler,Sigma Corp Of America,,94545,510-686-3407,gschnitzler@gmail.com,http://www.sigmacorpofamerica.com,Guest,Delete
Erick,Nievas,"Soward, Anne Esq",,60624,773-704-9903,erick_nievas@aol.com,http://www.sowardanneesq.com,Manager,Read
Jennie,Drymon,"Osborne, Michelle M Esq",,18509,570-218-4831,jennie@cox.net,http://www.osbornemichellemesq.com,User,Delete
Mitsue,Scipione,Students In Free Entrprs Natl,,95965,530-986-9272,mscipione@scipione.com,http://www.studentsinfreeentrprsnatl.com,Admin,Execute
Ciara,Ventura,"Johnson, Robert M Esq",,12771,845-823-8877,cventura@yahoo.com,http://www.johnsonrobertmesq.com,Guest,Execute
Galen,Cantres,Del Charro Apartments,,44142,216-600-6111,galen@yahoo.com,http://www.delcharroapartments.com,User,Read
Truman,Feichtner,Legal Search Inc,,7003,973-852-2736,tfeichtner@yahoo.com,http://www.legalsearchinc.com,User,Execute
Gail,Kitty,Service Supply Co Inc,,99501,907-435-9166,gail@kitty.com,http://www.servicesupplycoinc.com,Guest,Delete
Dalene,Schoeneck,"Sameshima, Douglas J Esq",,19102,215-268-1275,dalene@schoeneck.org,http://www.sameshimadouglasjesq.com,Manager,Write
Gertude,Witten,"Thompson, John Randolph Jr",,45217,513-977-7043,gertude.witten@gmail.com,http://www.thompsonjohnrandolphjr.com,Guest,Write
Lizbeth,Kohl,E T Balancing Co Inc,,90248,310-699-1222,lizbeth@yahoo.com,http://www.etbalancingcoinc.com,Guest,Execute
Glenn,Berray,"Griswold, John E Esq",,50315,515-370-7348,gberray@gmail.com,http://www.griswoldjohneesq.com,User,Read
Lashandra,Klang,Acqua Group,,19406,610-809-1818,lashandra@yahoo.com,http://www.acquagroup.com,Guest,Execute
Lenna,Newville,"Brooks, Morris J Jr",,27601,919-623-2524,lnewville@newville.com,http://www.brooksmorrisjjr.com,User,Execute
Laurel,Pagliuca,Printing Images Corp,,99352,509-695-5199,laurel@yahoo.com,http://www.printingimagescorp.com,Manager,Write
Mireya,Frerking,Roberts Supply Co Inc,,10803,914-868-5965,mireya.frerking@hotmail.com,http://www.robertssupplycoinc.com,Admin,Write
Annelle,Tagala,Vico Products Mfg Co,,21234,410-757-1035,annelle@yahoo.com,http://www.vicoproductsmfgco.com,Manager,Execute
Dean,Ketelsen,J M Custom Design Millwork,,11801,516-847-4418,dean_ketelsen@gmail.com,http://www.jmcustomdesignmillwork.com,Manager,Execute
Levi,Munis,Farrell & Johnson Office Equip,,1603,508-456-4907,levi.munis@gmail.com,http://www.farrelljohnsonofficeequip.com,Manager,Read
Sylvie,Ryser,Millers Market & Deli,,74105,918-644-9555,sylvie@aol.com,http://www.millersmarketdeli.com,Guest,Read
Sharee,Maile,Holiday Inn Naperville,,49442,231-467-9978,sharee_maile@aol.com,http://www.holidayinnnaperville.com,Manager,Read
Cordelia,Storment,"Burrows, Jon H Esq",,70506,337-566-6001,cordelia_storment@aol.com,http://www.burrowsjonhesq.com,Guest,Write
Mollie,Mcdoniel,Dock Seal Specialty,,43402,419-975-3182,mollie_mcdoniel@yahoo.com,http://www.docksealspecialty.com,Admin,Write
Brett,Mccullan,Five Star Limousines Of Tx Inc,,91942,619-461-9984,brett.mccullan@mccullan.com,http://www.fivestarlimousinesoftxinc.com,User,Execute
Teddy,Pedrozo,"Barkan, Neal J Esq",,6610,203-892-3863,teddy_pedrozo@aol.com,http://www.barkannealjesq.com,Guest,Delete
Tasia,Andreason,"Campbell, Robert A",,7032,201-920-9002,tasia_andreason@yahoo.com,http://www.campbellroberta.com,Admin,Delete
Hubert,Walthall,"Dee, Deanna",,44203,330-903-1345,hubert@walthall.org,http://www.deedeanna.com,Manager,Read
Arthur,Farrow,"Young, Timothy L Esq",,7631,201-238-5688,arthur.farrow@yahoo.com,http://www.youngtimothylesq.com,Admin,Execute
Vilma,Berlanga,"Wells, D Fred Esq",,49546,616-737-3085,vberlanga@berlanga.com,http://www.wellsdfredesq.com,User,Execute
Billye,Miro,"Gray, Francine H Esq",,39208,601-567-5386,billye_miro@cox.net,http://www.grayfrancinehesq.com,Admin,Delete
Glenna,Slayton,Toledo Iv Care,,38118,901-640-9178,glenna_slayton@cox.net,http://www.toledoivcare.com,Manager,Read
Mitzie,Hudnall,Cangro Transmission Co,,80110,303-402-1940,mitzie_hudnall@yahoo.com,http://www.cangrotransmissionco.com,Guest,Delete
Bernardine,Rodefer,Sat Poly Inc,,38112,901-901-4726,bernardine_rodefer@yahoo.com,http://www.satpolyinc.com,Guest,Read
Staci,Schmaltz,Midwest Contracting & Mfg Inc,,91106,626-866-2339,staci_schmaltz@aol.com,http://www.midwestcontractingmfginc.com,Admin,Write
Nichelle,Meteer,Print Doctor,,60657,773-225-9985,nichelle_meteer@meteer.com,http://www.printdoctor.com,Guest,Delete
Janine,Rhoden,Nordic Group Inc,,11103,718-228-5894,jrhoden@yahoo.com,http://www.nordicgroupinc.com,Manager,Read
Ettie,Hoopengardner,Jackson Millwork Co,,99352,509-755-5393,ettie.hoopengardner@hotmail.com,http://www.jacksonmillworkco.com,User,Read
Eden,Jayson,Harris Corporation,,21202,410-890-7866,eden_jayson@yahoo.com,http://www.harriscorporation.com,User,Write
Lynelle,Auber,United Cerebral Palsy Of Ne Pa,,7104,973-860-8610,lynelle_auber@gmail.com,http://www.unitedcerebralpalsyofnepa.com,User,Delete
Merissa,Tomblin,One Day Surgery Center Inc,,90706,562-579-6900,merissa.tomblin@gmail.com,http://www.onedaysurgerycenterinc.com,Admin,Write
Golda,Kaniecki,Calaveras Prospect,,8755,732-628-9909,golda_kaniecki@yahoo.com,http://www.calaverasprospect.com,Admin,Execute
Catarina,Gleich,"Terk, Robert E Esq",,7834,973-210-3994,catarina_gleich@hotmail.com,http://www.terkroberteesq.com,Admin,Read
Virgie,Kiel,"Cullen, Terrence P Esq",,80216,303-776-7548,vkiel@hotmail.com,http://www.cullenterrencepesq.com,Manager,Execute
Jolene,Ostolaza,Central Die Casting Mfg Co Inc,,23608,757-682-7116,jolene@yahoo.com,http://www.centraldiecastingmfgcoinc.com,Admin,Write
Keneth,Borgman,Centerline Engineering,,85012,602-919-4211,keneth@yahoo.com,http://www.centerlineengineering.com,Guest,Read
Rikki,Nayar,Targan & Kievit Pa,,33155,305-968-9487,rikki@nayar.com,http://www.targankievitpa.com,Manager,Write
Elke,Sengbusch,Riley Riper Hollin & Colagreco,,85013,602-896-2993,elke_sengbusch@yahoo.com,http://www.rileyriperhollincolagreco.com,Admin,Write
Hoa,Sarao,"Kaplan, Joel S Esq",,32759,386-526-7800,hoa@sarao.org,http://www.kaplanjoelsesq.com,User,Read
Trinidad,Mcrae,Water Office,,94105,415-331-9634,trinidad_mcrae@yahoo.com,http://www.wateroffice.com,Guest,Write
Mari,Lueckenbach,"Westbrooks, Nelson E Jr",,92110,858-793-9684,mari_lueckenbach@yahoo.com,http://www.westbrooksnelsonejr.com,User,Execute
Selma,Husser,Armon Communications,,7306,201-991-8369,selma.husser@cox.net,http://www.armoncommunications.com,User,Delete
Antione,Onofrio,Jacobs & Gerber Inc,,92410,909-430-7765,aonofrio@onofrio.com,http://www.jacobsgerberinc.com,Manager,Write
Luisa,Jurney,Forest Fire Laboratory,,2138,617-365-2134,ljurney@hotmail.com,http://www.forestfirelaboratory.com,Admin,Execute
Clorinda,Heimann,"Haughey, Charles Jr",,92025,760-291-5497,clorinda.heimann@hotmail.com,http://www.haugheycharlesjr.com,Manager,Delete
Dick,Wenzinger,Wheaton Plastic Products,,90248,310-510-9713,dick@yahoo.com,http://www.wheatonplasticproducts.com,User,Write
Ahmed,Angalich,Reese Plastics,,17110,717-528-8996,ahmed.angalich@angalich.com,http://www.reeseplastics.com,Admin,Write
Iluminada,Ohms,Nazette Marner Good Wendt,,85204,480-293-2882,iluminada.ohms@yahoo.com,http://www.nazettemarnergoodwendt.com,Guest,Execute
Joanna,Leinenbach,Levinson Axelrod Wheaton,,33461,561-470-4574,joanna_leinenbach@hotmail.com,http://www.levinsonaxelrodwheaton.com,Admin,Read
Caprice,Suell,"Egnor, W Dan Esq",,37211,615-246-1824,caprice@aol.com,http://www.egnorwdanesq.com,Guest,Read
Stephane,Myricks,Portland Central Thriftlodge,,41005,859-717-7638,stephane_myricks@cox.net,http://www.portlandcentralthriftlodge.com,User,Execute
Quentin,Swayze,Ulbrich Trucking,,48160,734-561-6170,quentin_swayze@yahoo.com,http://www.ulbrichtrucking.com,Admin,Delete
Annmarie,Castros,Tipiak Inc,,77301,936-751-7961,annmarie_castros@gmail.com,http://www.tipiakinc.com,Manager,Read
Shonda,Greenbush,Saint George Well Drilling,,7011,973-482-2430,shonda_greenbush@cox.net,http://www.saintgeorgewelldrilling.com,User,Delete
Cecil,Lapage,"Hawkes, Douglas D",,7087,201-693-3967,clapage@lapage.com,http://www.hawkesdouglasd.com,Manager,Delete
Jeanice,Claucherty,Accurel Systems Intrntl Corp,,33142,305-988-4162,jeanice.claucherty@yahoo.com,http://www.accurelsystemsintrntlcorp.com,Admin,Delete
Josphine,Villanueva,Santa Cruz Community Internet,,38575,931-553-9774,josphine_villanueva@villanueva.com,http://www.santacruzcommunityinternet.com,Guest,Execute
Daniel,Perruzza,Gersh & Danielson,,92705,714-771-3880,dperruzza@perruzza.com,http://www.gershdanielson.com,Guest,Delete
Cassi,Wildfong,"Cobb, James O Esq",,60008,847-633-3216,cassi.wildfong@aol.com,http://www.cobbjamesoesq.com,Admin,Delete
Britt,Galam,Wheatley Trucking Company,,19440,215-888-3304,britt@galam.org,http://www.wheatleytruckingcompany.com,User,Execute
Adell,Lipkin,Systems Graph Inc Ab Dick Dlr,,7981,973-654-1561,adell.lipkin@lipkin.com,http://www.systemsgraphincabdickdlr.com,Manager,Write
Jacqueline,Rowling,John Hancock Mutl Life Ins Co,,16501,814-865-8113,jacqueline.rowling@yahoo.com,http://www.johnhancockmutllifeinsco.com,Guest,Delete
Lonny,Weglarz,History Division Of State,,84115,801-293-9853,lonny_weglarz@gmail.com,http://www.historydivisionofstate.com,Guest,Execute
Lonna,Diestel,"Dimmock, Thomas J Esq",,28301,910-922-3672,lonna_diestel@gmail.com,http://www.dimmockthomasjesq.com,Manager,Delete
Cristal,Samara,Intermed Inc,,90021,213-975-8026,cristal@cox.net,http://www.intermedinc.com,User,Write
Kenneth,Grenet,Bank Of New York,,48823,517-499-2322,kenneth.grenet@grenet.org,http://www.bankofnewyork.com,User,Read
Elli,Mclaird,Sportmaster Intrnatl,,13501,315-818-2638,emclaird@mclaird.com,http://www.sportmasterintrnatl.com,Manager,Delete
Alline,Jeanty,W W John Holden Inc,,46601,574-656-2800,ajeanty@gmail.com,http://www.wwjohnholdeninc.com,Manager,Delete
Sharika,Eanes,Maccani & Delp,,32806,407-312-1691,sharika.eanes@aol.com,http://www.maccanidelp.com,Admin,Delete
Nu,Mcnease,Amazonia Film Project,,7029,973-751-9003,nu@gmail.com,http://www.amazoniafilmproject.com,Manager,Read
Daniela,Comnick,Water & Sewer Department,,8611,609-200-8577,dcomnick@cox.net,http://www.watersewerdepartment.com,Manager,Delete
Cecilia,Colaizzo,Switchcraft Inc,,53717,608-382-4541,cecilia_colaizzo@colaizzo.com,http://www.switchcraftinc.com,Admin,Delete
Leslie,Threets,C W D C Metal Fabricators,,10536,914-861-9748,leslie@cox.net,http://www.cwdcmetalfabricators.com,Admin,Execute
Nan,Koppinger,"Shimotani, Grace T",,27401,336-370-5333,nan@koppinger.com,http://www.shimotanigracet.com,User,Read
Izetta,Dewar,"Lisatoni, Jean Esq",,21217,410-473-1708,idewar@dewar.com,http://www.lisatonijeanesq.com,User,Execute
Tegan,Arceo,Ceramic Tile Sales Inc,,8831,732-730-2692,tegan.arceo@arceo.org,http://www.ceramictilesalesinc.com,User,Delete
Ruthann,Keener,Maiden Craft Inc,,78028,830-258-2769,ruthann@hotmail.com,http://www.maidencraftinc.com,Admin,Read
Joni,Breland,Carriage House Cllsn Rpr Inc,,60007,847-519-5906,joni_breland@cox.net,http://www.carriagehousecllsnrprinc.com,User,Read
Vi,Rentfro,Video Workshop,,7728,732-605-4781,vrentfro@cox.net,http://www.videoworkshop.com,User,Read
Colette,Kardas,Fresno Tile Center Inc,,68124,402-896-5943,colette.kardas@yahoo.com,http://www.fresnotilecenterinc.com,Manager,Write
Malcolm,Tromblay,Versatile Sash & Woodwork,,22003,703-221-5602,malcolm_tromblay@cox.net,http://www.versatilesashwoodwork.com,User,Read
Ryan,Harnos,Warner Electric Brk & Cltch Co,,75075,972-558-1665,ryan@cox.net,http://www.warnerelectricbrkcltchco.com,Guest,Read
Jess,Chaffins,New York Public Library,,10016,212-510-4633,jess.chaffins@chaffins.org,http://www.newyorkpubliclibrary.com,User,Write
Sharen,Bourbon,"Mccaleb, John A Esq",,11791,516-816-1541,sbourbon@yahoo.com,http://www.mccalebjohnaesq.com,Admin,Execute
Nickolas,Juvera,United Oil Co Inc,,34429,352-598-8301,nickolas_juvera@cox.net,http://www.unitedoilcoinc.com,Admin,Write
Gary,Nunlee,Irving Foot Center,,46040,317-542-6023,gary_nunlee@nunlee.org,http://www.irvingfootcenter.com,Guest,Read
Diane,Devreese,Acme Supply Co,,64504,816-557-9673,diane@cox.net,http://www.acmesupplyco.com,User,Execute
Roslyn,Chavous,"Mcrae, James L",,39211,601-234-9632,roslyn.chavous@chavous.org,http://www.mcraejamesl.com,Guest,Read
Glory,Schieler,Mcgraths Seafood,,79602,325-869-2649,glory@yahoo.com,http://www.mcgrathsseafood.com,Admin,Delete
Rasheeda,Sayaphon,"Kummerer, J Michael Esq",,95070,408-805-4309,rasheeda@aol.com,http://www.kummererjmichaelesq.com,User,Read
Alpha,Palaia,"Stoffer, James M Jr",,8003,856-312-2629,alpha@yahoo.com,http://www.stofferjamesmjr.com,User,Delete
Refugia,Jacobos,North Central Fl Sfty Cncl,,94545,510-974-8671,refugia.jacobos@jacobos.com,http://www.northcentralflsftycncl.com,Guest,Execute
Shawnda,Yori,Fiorucci Foods Usa Inc,,32750,407-538-5106,shawnda.yori@yahoo.com,http://www.fioruccifoodsusainc.com,Guest,Delete
Mona,Delasancha,Sign All,,82001,307-403-1488,mdelasancha@hotmail.com,http://www.signall.com,Guest,Read
Gilma,Liukko,Sammys Steak Den,,11530,516-393-9967,gilma_liukko@gmail.com,http://www.sammyssteakden.com,Manager,Write
Janey,Gabisi,"Dobscha, Stephen F Esq",,53715,608-967-7194,jgabisi@hotmail.com,http://www.dobschastephenfesq.com,Admin,Read
Lili,Paskin,Morgan Custom Homes,,7032,201-431-2989,lili.paskin@cox.net,http://www.morgancustomhomes.com,User,Execute
Loren,Asar,Olsen Payne & Company,,18518,570-648-3035,loren.asar@aol.com,http://www.olsenpaynecompany.com,Manager,Read
Dorothy,Chesterfield,Cowan & Kelly,,92126,858-617-7834,dorothy@cox.net,http://www.cowankelly.com,User,Execute
Gail,Similton,"Johnson, Wes Esq",,92276,760-616-5388,gail_similton@similton.com,http://www.johnsonwesesq.com,User,Write
Catalina,Tillotson,Icn Pharmaceuticals Inc,,8402,609-373-3332,catalina@hotmail.com,http://www.icnpharmaceuticalsinc.com,Admin,Delete
Lawrence,Lorens,New England Sec Equip Co Inc,,2906,401-465-6432,lawrence.lorens@hotmail.com,http://www.newenglandsecequipcoinc.com,Manager,Read
Carlee,Boulter,"Tippett, Troy M Ii",,67410,785-347-1805,carlee.boulter@hotmail.com,http://www.tippetttroymii.com,User,Delete
Thaddeus,Ankeny,Atc Contracting,,95678,916-920-3571,tankeny@ankeny.org,http://www.atccontracting.com,Guest,Execute
Jovita,Oles,"Pagano, Philip G Esq",,32114,386-248-4118,joles@gmail.com,http://www.paganophilipgesq.com,User,Execute
Alesia,Hixenbaugh,Kwikprint,,20001,202-646-7516,alesia_hixenbaugh@hixenbaugh.org,http://www.kwikprint.com,User,Write
Lai,Harabedian,Buergi & Madden Scale,,94945,415-423-3294,lai@gmail.com,http://www.buergimaddenscale.com,User,Read
Brittni,Gillaspie,Inner Label,,83709,208-709-1235,bgillaspie@gillaspie.com,http://www.innerlabel.com,Admin,Delete
Raylene,Kampa,Hermar Inc,,46514,574-499-1454,rkampa@kampa.org,http://www.hermarinc.com,Guest,Delete
Flo,Bookamer,Simonton Howe & Schneider Pc,,69301,308-726-2182,flo.bookamer@cox.net,http://www.simontonhoweschneiderpc.com,Admin,Read
Jani,Biddy,Warehouse Office & Paper Prod,,98104,206-711-6498,jbiddy@yahoo.com,http://www.warehouseofficepaperprod.com,Admin,Read
Chauncey,Motley,Affiliated With Travelodge,,32804,407-413-4842,chauncey_motley@aol.com,http://www.affiliatedwithtravelodge.com,Manager,Delete
